タイムスタンプ,支払者,項目,支払金額,
Sun Sep 21 2014 12:12:12 GMT+0900 (JST),食料品,1000,TEST,
Sun Sep 21 2014 12:12:12 GMT+0900 (JST),日用品,3720,TEST,
Mon Sep 22 2014 13:22:12 GMT+0900 (JST),食料品,2000,TEST,
Tue Sep 23 2014 22:12:12 GMT+0900 (JST),日用品,480,TEST,
Wed Sep 24 2014 12:12:12 GMT+0900 (JST),食料品,500,TEST,
Fri Sep 25 2015 22:45:56 GMT+0900 (JST),食料品,1000,TEST,
Sat Sep 26 2015 09:21:49 GMT+0900 (JST),日用品,1000,TEST,
Sun Sep 27 2015 08:59:05 GMT+0900 (JST),食料品,400,TEST,
Sun Sep 27 2015 18:20:55 GMT+0900 (JST),食料品,500,TEST,
Sun Sep 27 2015 18:22:16 GMT+0900 (JST),家賃,100000,TEST,
